source_id,repo,branch,commit,source_path,source_pool,historical_or_document_claim,current_evidence_level,original_table_rows_read,contacted_this_session,read_date,source_url
RL-INDEX,lin2mm/RetrofitLock,arena/01a0cc8f-retrofitlock,deee8771173e636db118ac03f8d9043fd37d9ed0,00_meta/DRIVE_NAME_TREE.md,external_inventory,External lead file paths and distinct instances,index_read_original_tables_not_read,,no,2026-09-28,https://github.com/lin2mm/RetrofitLock/blob/deee8771173e636db118ac03f8d9043fd37d9ed0/00_meta/DRIVE_NAME_TREE.md
RL-POOL-A,lin2mm/RetrofitLock,arena/01a0cc8f-retrofitlock,deee8771173e636db118ac03f8d9043fd37d9ed0,00_meta/COUNTRY_POOL.md,POOL-A,Historical A 536; approximate total unresolved,historical_summary_only,,no,2026-09-28,https://github.com/lin2mm/RetrofitLock/blob/deee8771173e636db118ac03f8d9043fd37d9ed0/00_meta/COUNTRY_POOL.md
RL-POOL-B,lin2mm/RetrofitLock,arena/01a0cc8f-retrofitlock,deee8771173e636db118ac03f8d9043fd37d9ed0,00_meta/DRIVE_INDEX_SUMMARY.md,POOL-B,Historical A 129; partial old parsing of 25KB instance,index_summary_read; separate_Drive_XLSX_chunk_0_of_6_read_see_delta_review,,no,2026-09-28,https://github.com/lin2mm/RetrofitLock/blob/deee8771173e636db118ac03f8d9043fd37d9ed0/00_meta/DRIVE_INDEX_SUMMARY.md
RL-POOL-C,lin2mm/RetrofitLock,arena/01a0cc8f-retrofitlock,deee8771173e636db118ac03f8d9043fd37d9ed0,00_meta/COUNTRY_POOL.md,POOL-C,Historical 13299 rows; not unique companies,historical_summary_only,,no,2026-09-28,https://github.com/lin2mm/RetrofitLock/blob/deee8771173e636db118ac03f8d9043fd37d9ed0/00_meta/COUNTRY_POOL.md
RL-POOL-D,lin2mm/RetrofitLock,arena/01a0cc8f-retrofitlock,deee8771173e636db118ac03f8d9043fd37d9ed0,00_meta/OLD_SUMMARY_INDEX.md,POOL-D,Historical 749 deduplicated candidates; not reverified,index_summary_read; separate_Drive_F02_md_parsed_in_full_see_delta_review,,no,2026-09-28,https://github.com/lin2mm/RetrofitLock/blob/deee8771173e636db118ac03f8d9043fd37d9ed0/00_meta/OLD_SUMMARY_INDEX.md
RL-54-OTHER,lin2mm/RetrofitLock,arena/01a0cc8f-retrofitlock,deee8771173e636db118ac03f8d9043fd37d9ed0,00_meta/DRIVE_NAME_TREE.md,54_session2_distinct_instance,Historical 79KB namesake; hash unknown,index_read; separate_Drive_XLSX_chunk_0_of_23_read_see_delta_review,,no,2026-09-28,https://github.com/lin2mm/RetrofitLock/blob/deee8771173e636db118ac03f8d9043fd37d9ed0/00_meta/DRIVE_NAME_TREE.md
RL-H08,lin2mm/RetrofitLock,arena/01a0cc8f-retrofitlock,deee8771173e636db118ac03f8d9043fd37d9ed0,00_meta/DRIVE_INDEX_SUMMARY.md,historical_outreach,Summary reports one catalogue request; original not read,index_summary_read; separate_Drive_H08_md_parsed_in_full_see_delta_review,,no,2026-09-28,https://github.com/lin2mm/RetrofitLock/blob/deee8771173e636db118ac03f8d9043fd37d9ed0/00_meta/DRIVE_INDEX_SUMMARY.md
RL-ICP,lin2mm/RetrofitLock,arena/01a0cc8f-retrofitlock,deee8771173e636db118ac03f8d9043fd37d9ed0,20_audience/ICP.md,placeholder,Pending import; not company rows,file_read,,no,2026-09-28,https://github.com/lin2mm/RetrofitLock/blob/deee8771173e636db118ac03f8d9043fd37d9ed0/20_audience/ICP.md
RL-WEB,lin2mm/RetrofitLock,arena/01a0cc8f-retrofitlock,deee8771173e636db118ac03f8d9043fd37d9ed0,60_website/README.md,website_draft,Installer site draft; live deployment not checked,readme_and_tree_only,,no,2026-09-28,https://github.com/lin2mm/RetrofitLock/blob/deee8771173e636db118ac03f8d9043fd37d9ed0/60_website/README.md
PLP-WEB,lin2mm/product-launch-pad,main,c39431b33df8b429af3a5870ff96408e666b582e,README.md,website_project,Lovable website repository; no company list identified in current tree,readme_metadata_and_tree_only,,no,2026-09-28,https://github.com/lin2mm/product-launch-pad/blob/c39431b33df8b429af3a5870ff96408e666b582e/README.md
