id,icp,ecosystem,thread_date,source_url,paraphrased_report,feature_hypothesis,validation_boundary,collected_on,evidence_type
C01,Host,TTLock,2023-12-05,https://www.reddit.com/r/smarthome/comments/18bjyxo/ttlock_smart_gateway_g2/,网关反复离线，影响给客人准备访问,离线原因分流与入住前核验,显示最后确认时间和备用入门方案，不假装App能修网关,2026-09-28,public_thread_search_excerpt_unverified
C02,Host,TTLock,2024-04-23,https://www.reddit.com/r/smarthome/comments/1cb4p1q/tt_lock_lockbox_jammed/,锁盒绿灯但未打开；低电或机械问题未确诊,结果确认与应急说明,区分命令成功与实际开门，机械故障不能纯软件修复,2026-09-28,public_thread_search_excerpt_unverified
C03,Property manager,Tuya,2024-11-01,https://www.reddit.com/r/smartlife/comments/1gh7omg/tuyasmart_life_temporary_passwords_time_based/,想每天限定工作时段而非一段日期有效,重复排班权限,按型号验证周期码，不支持时显示不可用,2026-09-28,public_thread_search_excerpt_unverified
C04,Host,Tuya,2020-11-12,https://www.reddit.com/r/smartlife/comments/jsw582/tuya_smartlock_time_issues/,记录时间和当地时间不一致，影响限时密码,时区和夏令时测试,保存UTC及房源时区，历史样本不代表当前仍有问题,2026-09-28,public_thread_search_excerpt_unverified
C05,Family,Nuki,2023-12-19,https://www.reddit.com/r/homeautomation/comments/18m7llh/nuki_smart_lock_30_auto_unlock_only_works_when/,手机锁屏时自动解锁失败，唤醒才成功,后台权限诊断和非自动备用流程,手机省电限制提示，不能承诺百分百自动开锁,2026-09-28,public_thread_search_excerpt_unverified
C06,Family,Nuki,2024-01-26,https://www.reddit.com/r/HomeKit/comments/19f9hj2/locked_out_of_my_house_with_nuki_smart_lock_3_pro/,电池类型识别相关锁在门外的用户报告,电池维护与备份计划,检测配置风险，不声称本App能修固件,2026-09-28,public_thread_search_excerpt_unverified
C07,Family,Nuki,2025-05-19,https://www.reddit.com/r/Nuki/comments/1kq4llm/heavy_issues_with_smartlock_ultra/,更新后电机和锁舌异常、支持沟通不满,更新风险提示与售后记录,工程验证及机械钥匙兼容测试；外部固件不由我方回滚,2026-09-28,public_thread_search_excerpt_unverified
C08,Renter,SmartRent,2022-10-25,https://www.reddit.com/r/Seattle/comments/ydfayy/help_smart_locks_and_tenant_rights/,访客有效时段受限，物业禁用设置，要求实体备用钥匙,租客授权说明和访客需求交接,不绕过物业权限，不将评论里的法律意见作事实,2026-09-28,public_thread_search_excerpt_unverified
C09,Renter,SmartRent,2025-12-29,https://www.reddit.com/r/Tenant/comments/1pz1c5x/has_anyone_been_able_to_avoiddodgeopt_out_of/,担心出入跟踪、错误锁态与被强迫使用,隐私说明、数据最小化、状态新鲜度,租客明确同意，未知状态显示未知,2026-09-28,public_thread_search_excerpt_unverified
C10,Renter,SmartRent,2026-01-27,https://www.reddit.com/r/Renters/comments/1qnw91f/management_is_installing_a_new_smart_home_system/,反感新增智能家居费；讨论也有正面体验,可选软件价值与不强迫捆绑,保留反例，不把所有租客假定支持智能锁,2026-09-28,public_thread_search_excerpt_unverified
C11,Property manager,Mixed,2025-12-08,https://www.reddit.com/r/LeaseLords/comments/1ph7q4n/smart_locks_for_property_managers/,30多个单元管理中多人查看编辑码困难,角色协作与同步,两位管理员并发修改、冲突提示、权限撤销验证,2026-09-28,public_thread_search_excerpt_unverified
C12,Property manager,Mixed,2025-07-16,https://www.reddit.com/r/PropertyManagement/comments/1m1lp7k/smart_locks/,租户增删需求；回复报告卡锁和反复调节,资产清单、交接、安装诊断,软件不能修门框；明确转交安装商,2026-09-28,public_thread_search_excerpt_unverified
C13,Family,Care needs,2025-10-09,https://www.reddit.com/r/homesecurity/comments/1o2h1cu/remote_lock_for_elderly/,照护护士希望给行动不便老人用按钮而非手机,免App访客与无障碍交互,这是需求帖非已验证事故；基础入口不强迫装App,2026-09-28,public_thread_search_excerpt_unverified
C14,Renter,Unspecified,2023-12-28,https://www.reddit.com/r/legaladvice/comments/18sv3ho/the_smart_lock_provided_by_our_property_manager/,租客报告锁失效且未获实体钥匙,应急联系方式与维修升级,法律结论另查当地法规，评论不作法律证据,2026-09-28,public_thread_search_excerpt_unverified
