record_id,segment,source_channel,source_url,consent_status,consent_date,task_type,next_task_window,current_alternative,unresolved_step,hardware_independent,screening_status,test_mode,first_task_completed_on,second_task_opportunity,second_task_completed_on,independent_creator,support_minutes,withdrawal_status,evidence_note,company,country,candidate_type,wave,wave_order,contact_name,contact_role,public_email,official_contact_url,contact_evidence_level,company_source_url,contact_source_url,read_coverage,task_points_30,recurrence_points_20,contact_points_20,role_points_15,pilot_scope_points_15,risk_deduction,research_score_100,research_grade,score_basis,proposed_topic,qualification_question,main_risk,outreach_status,commercial_qualification,checked_on
SW-001,C_Host,targeted_public_official_web_research,https://www.swanbnb.com/about,not_obtained,,Host维护与客人交接的例外责任确认,,,,proposed_workflow_yes_not_product_verified,public_research_candidate_not_consented_user,not_started,,,,,,,Official site claims and analyst rubric; not verified pain or willingness to pay,Swan BnB Management,AU,operator_trial_candidate,SW1,1,Mark; Angela,官网列出的经营团队；未确认职务/预算权,mark@swanbnb.com,https://www.swanbnb.com/contact,official_page_body,https://www.swanbnb.com/about;https://www.swanbnb.com/airbnb-co-hosts,https://www.swanbnb.com/contact,all three pages 1/1,30,20,20,10,10,0,90,A,公开有预订/住客/维护，多方重复运营；官网质量优先但套数未知；具名团队非职称证明,Host维护与客人交接的例外责任确认,现有系统在哪一种维护或协管交接中仍需额外追问？是否可用一个非紧急匿名案例核对流程？,已有流程可能足够；没有已证实痛点、近期任务或试用同意,UNSENT_APPROVAL_AND_CHANNEL_BASIS_REQUIRED,unknown,2026-09-28
SW-002,C_Host,targeted_public_official_web_research,https://ourhomeshortstays.co.uk/landlord/holiday-let-management/,not_obtained,,保洁—维修—客服之间异常交接,,,,proposed_workflow_yes_not_product_verified,public_research_candidate_not_consented_user,not_started,,,,,,,Official site claims and analyst rubric; not verified pain or willingness to pay,Our Home Short Stays,UK,operator_trial_candidate,SW1,2,Ryan Duffy; Leah Rolfe,Joint CEO (operations); Guest Services Manager,hello@ourhomeshortstays.co.uk,https://ourhomeshortstays.co.uk/landlord/about-us-landlords/,official_page_body,https://ourhomeshortstays.co.uk/landlord/holiday-let-management/;https://ourhomeshortstays.co.uk/landlord/about-us-landlords/,https://ourhomeshortstays.co.uk/landlord/about-us-landlords/,service page first chunk only; about/team page read,30,20,20,15,5,0,90,A,官网列保洁/维护/客服；Ryan负责运营系统，Leah负责客服；多地运营试点隔离仍未知,保洁—维修—客服之间异常交接,已有系统是否把接单、处置、客服确认连成一条记录？哪个步骤仍靠额外沟通？,已有技术与规模可能使新工具多余；不使用页面异常计数器推断规模,UNSENT_APPROVAL_AND_CHANNEL_BASIS_REQUIRED,unknown,2026-09-28
SW-003,B_Renter_channel,targeted_public_official_web_research,https://www.relocatesydney.com/,not_obtained,,租客入住到离境的钥匙与待办交接,,,,proposed_workflow_yes_not_product_verified,public_research_candidate_not_consented_user,not_started,,,,,,,Official site claims and analyst rubric; not verified pain or willingness to pay,Relocate Sydney / Relocate Melbourne,AU,relocation_operator_and_opt_in_distribution_candidate,SW1,3,Annie Sandor,Founder/CEO,annie@relocatemelbourne.com,https://www.relocatesydney.com/#contact,official_page_body,https://www.relocatesydney.com/,https://www.relocatesydney.com/,chunks0 and2 of3; middle biographies not read,30,20,20,15,5,0,90,A,官网有租房/房况/安置/离境任务及顾问团队；CEO与不同域名邮箱在同页对应；多城市隔离试点未知,租客入住到离境的钥匙与待办交接,房况报告之外，客户与顾问交接钥匙和未完成事项时，有什么需要重复核对？,这是公司/潜在分发渠道，不是已招募租客；不索取客户名单；法律/个资范围受限,UNSENT_APPROVAL_AND_CHANNEL_BASIS_REQUIRED,unknown,2026-09-28
SW-004,D_Member_space,targeted_public_official_web_research,https://web.makespace.org/,not_obtained,,会员设备维护/责任人更替的非安全关键待办,,,,proposed_workflow_yes_not_product_verified,public_research_candidate_not_consented_user,not_started,,,,,,,Official site claims and analyst rubric; not verified pain or willingness to pay,Makespace Cambridge,UK,operator_trial_candidate,SW1,4,,Management team；官网未给具名负责人,management@makespace.org,https://web.makespace.org/contact-us/,official_page_body,https://web.makespace.org/;https://web.makespace.org/contact-us/,https://web.makespace.org/contact-us/,both pages full 1/1,30,20,20,5,10,0,85,A,会员负责设备维护，Owners/Trainers多方交接；单点明确；只有职能邮箱,会员设备维护/责任人更替的非安全关键待办,某台设备维护负责人或志愿者更换时，如何确认剩余任务已有人接手？,无全职员工，可能无软件预算；不接设备授权/门禁或安全验收；不打成员可能接听的电话,UNSENT_APPROVAL_AND_CHANNEL_BASIS_REQUIRED,unknown,2026-09-28
SW-005,A_Family_channel,targeted_public_official_web_research,https://www.petsitaus.com.au/,not_obtained,,上门照看者更替时的钥匙与说明交接,,,,proposed_workflow_yes_not_product_verified,public_research_candidate_not_consented_user,not_started,,,,,,,Official site claims and analyst rubric; not verified pain or willingness to pay,Pet Sitters Australia / PetSitAus,AU,home_service_operator_and_opt_in_distribution_candidate,SW1,5,Kerry,Founder（官网仅公开名字）,kerry@petsitaus.com.au,https://www.petsitaus.com.au/,official_page_body,https://www.petsitaus.com.au/,https://www.petsitaus.com.au/,all3 chunks read,30,20,20,15,5,15,75,A,官网明确钥匙收取/新照看者交接/书面说明；具名创始人；扣15因流程含2020/2021旧疫情版本,上门照看者更替时的钥匙与说明交接,先确认仍在提供该服务，再问：换照看者或归还钥匙时，现有系统能否完整记录交接？,首项先核当前经营/流程；旧网页不是停业证明；不收真实钥匙位置或门锁码,UNSENT_APPROVAL_AND_CHANNEL_BASIS_REQUIRED,unknown,2026-09-28
SW-006,C_Host,targeted_public_official_web_research,https://www.perthairbnbpropertymanagement.com/,not_obtained,,单房源清洁与维修交接,,,,proposed_workflow_yes_not_product_verified,public_research_candidate_not_consented_user,not_started,,,,,,,Official site claims and analyst rubric; not verified pain or willingness to pay,Perth Airbnb Property Management,AU,operator_trial_candidate,SW2,1,,Owner / operations lead（目标岗位，姓名未核）,welcome@perthairbnbpropertymanagement.com,https://www.perthairbnbpropertymanagement.com/,official_domain_search_excerpt_only_for_email,https://www.perthairbnbpropertymanagement.com/,https://www.perthairbnbpropertymanagement.com/,homepage full; email observed in official-domain search excerpt only,30,20,10,5,10,0,75,B,官网精品限量、清洁协调/维护；邮箱只在检索摘要出现，姓名未知，因此B封顶,单房源清洁与维修交接,哪种交接超出现有管理工具？如无缺口就不试用；先重核邮箱与适当接收人,与airbnbmanagementperth.com转介站不同，不合并；不要冒充业主填评估表,UNSENT_APPROVAL_AND_CHANNEL_BASIS_REQUIRED,unknown,2026-09-28
SW-007,A_Family_channel,targeted_public_official_web_research,https://www.sydneysidepetcare.com.au/,not_obtained,,上门照看任务接受与异常反馈,,,,proposed_workflow_yes_not_product_verified,public_research_candidate_not_consented_user,not_started,,,,,,,Official site claims and analyst rubric; not verified pain or willingness to pay,Sydney Side Pet Care,AU,home_service_operator_candidate,SW2,2,Paul,Manager of SSPC,hello@sydneysidepetcare.com.au,https://www.sydneysidepetcare.com.au/,official_domain_search_excerpt_only_for_email,https://www.sydneysidepetcare.com.au/,https://www.sydneysidepetcare.com.au/,homepage full; email in official-domain search excerpt only,15,20,10,15,10,0,70,B,官网多照看者及家访/过夜，Paul为经理；没有明确钥匙交接缺口，邮箱待页面复核,上门照看任务接受与异常反馈,是否有跨照看者的事项遗漏，还是现有预约工具已经足够？,服务相关不等于交接痛点；不用家庭客户名单做冷触达,UNSENT_APPROVAL_AND_CHANNEL_BASIS_REQUIRED,unknown,2026-09-28
SW-008,D_Member_space,targeted_public_official_web_research,https://www.makerspace.org.au/contact,not_obtained,,工作坊维护/成员交接,,,,proposed_workflow_yes_not_product_verified,public_research_candidate_not_consented_user,not_started,,,,,,,Official site claims and analyst rubric; not verified pain or willingness to pay,MakerSpace & Co Sydney,AU,operator_or_partnership_candidate,SW2,3,Kris Spann; Sean Kennon,Managing Director (partnerships); Facilities Manager,hello@makerspace.org.au,https://www.makerspace.org.au/contact,official_domain_search_excerpts_only,https://www.makerspace.org.au/contact;https://www.makerspace.org.au/faq,https://www.makerspace.org.au/faq,official search excerpts; body fetch failed twice; no more retries,15,20,10,15,10,0,70,B,公开搜索摘要给会员/设施岗位及商务合作表单；正文未成功读取，不能算完整核实,工作坊维护/成员交接,确认商务联系入口后，问一类非安全关键的设备维护待办是否适合流程研究,联系页与FAQ可能过期；没有确认现有工具或需求,UNSENT_APPROVAL_AND_CHANNEL_BASIS_REQUIRED,unknown,2026-09-28
SW-009,C_Host,targeted_public_official_web_research,https://holidayhost.co.uk/about-us/our-team/,not_obtained,,总部与地方Host的交接例外,,,,proposed_workflow_yes_not_product_verified,public_research_candidate_not_consented_user,not_started,,,,,,,Official site claims and analyst rubric; not verified pain or willingness to pay,HolidayHost,UK,operator_network_candidate,SW2,4,Mel Pascoe; Zoe (Mid Devon local Host),Host Success Leader; local Host,zoe.varney@holidayhost.co.uk,https://holidayhost.co.uk/about-us/our-team/,official_page_body,https://holidayhost.co.uk/about-us/our-team/,https://holidayhost.co.uk/about-us/our-team/,first chunk only; named roles and Zoe email visible,15,20,20,15,5,0,75,B,多地Host与总部，具名职责；官网有Owner App入口但功能未核；先B而非直接替换平台,总部与地方Host的交接例外,现有Owner App之外还有什么跨团队缺口？Zoe仅当地使用者入口，不能假设有集团预算权,已有App；不向全体Host群发；优先经官方总联系入口转Host Success，不猜Mel邮箱,UNSENT_APPROVAL_AND_CHANNEL_BASIS_REQUIRED,unknown,2026-09-28
SW-010,B_Renter_channel,targeted_public_official_web_research,https://www.relocationspecialists.com.au/,not_obtained,,安置服务中的租客任务交接,,,,proposed_workflow_yes_not_product_verified,public_research_candidate_not_consented_user,not_started,,,,,,,Official site claims and analyst rubric; not verified pain or willingness to pay,Relocation Specialists,AU,relocation_operator_and_opt_in_distribution_candidate,SW2,5,,Destination services lead（目标岗位，姓名未核）,service@relocationspecialists.com.au,https://www.relocationspecialists.com.au/contact-us/,official_page_body,https://www.relocationspecialists.com.au/;https://www.relocationspecialists.com.au/contact-us/,https://www.relocationspecialists.com.au/contact-us/,both full 1/1,15,20,20,5,5,0,65,B,有家庭/个人安置与顾问网络；具体钥匙交接流程未证实，泛服务联系非采购部门,安置服务中的租客任务交接,是否存在跨顾问或搬入阶段的信息交接问题？由谁负责试用许可？,全国网络和企业客户可能提高采购复杂度；搬家咨询表单不应被伪装成客户咨询,UNSENT_APPROVAL_AND_CHANNEL_BASIS_REQUIRED,unknown,2026-09-28
