month,net_accepted_units,net_hardware_revenue_usd,cash_receipts_usd,supplier_prepay_usd,variable_cost_reserve_usd,fixed_cost_usd,launch_cost_usd,net_cash_usd,cumulative_unfunded_cash_usd
0,0,0.0,0.0,0.0,0.0,0,0,0.0,0.0
1,0,0.0,0.0,750.0,0.0,40000.0,100000.0,-140750.0,-140750.0
2,0,0.0,1315.0,4000.0,0.0,40000.0,0,-42685.0,-183435.0
3,50,4383.33,3945.0,11250.0,550.0,40000.0,0,-47855.0,-231290.0
4,150,13150.0,13588.33,27500.0,1650.0,40000.0,0,-55561.67,-286851.67
5,400,35066.67,32875.0,54000.0,4400.0,40000.0,0,-65525.0,-352376.67
6,900,78900.0,63996.67,90000.0,9900.0,40000.0,0,-75903.33,-428280.0
7,1500,131500.0,120980.0,147500.0,16500.0,40000.0,0,-83020.0,-511300.0
8,2500,219166.67,197250.0,222500.0,27500.0,40000.0,0,-92750.0,-604050.0
9,4000,350666.67,298066.67,290000.0,44000.0,40000.0,0,-75933.33,-679983.33
10,5500,482166.67,416416.67,355000.0,60500.0,40000.0,0,-39083.33,-719066.67
11,6500,569833.33,561066.67,297500.0,71500.0,40000.0,0,152066.67,-567000.0
12,8500,745166.67,398883.33,0.0,93500.0,40000.0,0,265383.33,-301616.67
13,0,0.0,521616.67,0.0,0.0,0,0,521616.67,220000.0
14,0,0.0,0.0,0.0,0.0,0,0,0.0,220000.0
