month,net_accepted_units,revenue_usd,buyer_deposit_usd,buyer_balance_before_shipping_usd,supplier_advance_usd,supplier_completion_usd,operating_and_variable_usd,launch_usd,net_cash_usd,unfunded_cash_usd,additional_liquidity_buffer_usd,cash_after_buffer_usd,unearned_customer_cash_usd
0,0,0.0,0.0,0.0,0.0,0.0,0,100000,-100000.0,-100000.0,0.0,-100000.0,0.0
1,0,0.0,2175.0,0.0,750.0,0.0,40000,0,-38575.0,-138575.0,0.0,-138575.0,2175.0
2,0,0.0,6525.0,2175.0,2250.0,1750.0,40000,0,-35300.0,-173875.0,0.0,-173875.0,10875.0
3,50,4350.0,17400.0,6525.0,6000.0,5250.0,40550,0,-27875.0,-201750.0,435.0,-202185.0,30450.0
4,150,13050.0,39150.0,17400.0,13500.0,14000.0,41650,0,-12600.0,-214350.0,1740.0,-216090.0,73950.0
5,400,34800.0,65250.0,39150.0,22500.0,31500.0,44400,0,6000.0,-208350.0,5220.0,-213570.0,143550.0
6,900,78300.0,108750.0,65250.0,37500.0,52500.0,49900,0,34100.0,-174250.0,12615.0,-186865.0,239250.0
7,1500,130500.0,174000.0,108750.0,60000.0,87500.0,56500,0,78750.0,-95500.0,24360.0,-119860.0,391500.0
8,2500,217500.0,239250.0,174000.0,82500.0,140000.0,67500,0,123250.0,27750.0,42630.0,-14880.0,587250.0
9,4000,348000.0,282750.0,239250.0,97500.0,192500.0,84000,0,148000.0,175750.0,69600.0,106150.0,761250.0
10,5500,478500.0,369750.0,282750.0,127500.0,227500.0,100500,0,197000.0,372750.0,104400.0,268350.0,935250.0
11,6500,565500.0,0.0,369750.0,0.0,297500.0,111500,0,-39250.0,333500.0,139200.0,194300.0,739500.0
12,8500,739500.0,0.0,0.0,0.0,0.0,133500,0,-133500.0,200000.0,178350.0,21650.0,0.0
13,0,0.0,0.0,0.0,0.0,0.0,0,0,0.0,200000.0,130500.0,69500.0,0.0
14,0,0.0,0.0,0.0,0.0,0.0,0,0,0.0,200000.0,73950.0,126050.0,0.0
15,0,0.0,0.0,0.0,0.0,0.0,0,0,0.0,200000.0,0.0,200000.0,0.0
