partner,research_group,official_source,checked_on,stage,outreach_status,installation_team_status,prepayment_acceptance,sku_compatibility,eligible_doors,importer,support_owner,commercial_score,next_gate
Beds24,A,https://wiki.beds24.com/index.php?title=TTLock,2026-09-28,desk_research,not_contacted,unknown,unknown,unknown,,,,,SKU_and_business_validation
Uplisting,A,https://www.uplisting.io/integrations/ttlock,2026-09-28,desk_research,not_contacted,unknown,unknown,unknown,,,,,SKU_and_business_validation
Hostaway,A,https://support.hostaway.com/hc/en-us/articles/18631403820571-Hostaway-Smart-Locks-FAQs,2026-09-28,desk_research,not_contacted,unknown,unknown,unknown,,,,,SKU_and_business_validation
Chekin,A,https://chekin.com/en/faq/,2026-09-28,desk_research,not_contacted,unknown,unknown,unknown,,,,,SKU_and_business_validation
Smoobu,B,https://support.smoobu.com/hc/en-us/articles/4412545420562-Smart-locks-and-Smoobu-an-Introduction,2026-09-28,desk_research,not_contacted,unknown,unknown,unknown,,,,,SKU_and_business_validation
Lodgify,B,https://www.lodgify.com/blog/product-updates-february-2025/,2026-09-28,desk_research,not_contacted,unknown,unknown,unknown,,,,,SKU_and_business_validation
OwnerRez,B,https://www.ownerrez.com/support/articles/integration-remotelock-door-locks,2026-09-28,desk_research,not_contacted,unknown,unknown,unknown,,,,,SKU_and_business_validation
Breezeway,B,https://help.breezeway.io/en/articles/12732899-release-notes-november-2025,2026-09-28,desk_research,not_contacted,unknown,unknown,unknown,,,,,SKU_and_business_validation
RentRedi,C,https://rentredi.com/blog/smart-home-devices-for-landlords/,2026-09-28,desk_research,not_contacted,unknown,unknown,unknown,,,,,SKU_and_business_validation
Nexudus,C,https://developers.nexudus.com/reference/connect-your-own-access-control-system,2026-09-28,desk_research,not_contacted,unknown,unknown,unknown,,,,,SKU_and_business_validation
