month,new_registered_people,cumulative_registered_people,free_mau,new_paid_workspaces,churned_paid_workspaces,ending_paid_workspaces,status
1,50,50,20,0,0,0,planning_assumption_not_actual
2,100,150,40,0,0,0,planning_assumption_not_actual
3,150,300,80,5,0,5,planning_assumption_not_actual
4,200,500,130,5,0,10,planning_assumption_not_actual
5,250,750,180,6,1,15,planning_assumption_not_actual
6,350,1100,260,11,1,25,planning_assumption_not_actual
7,450,1550,350,12,2,35,planning_assumption_not_actual
8,550,2100,460,12,2,45,planning_assumption_not_actual
9,650,2750,590,18,3,60,planning_assumption_not_actual
10,700,3450,730,18,3,75,planning_assumption_not_actual
11,750,4200,870,19,4,90,planning_assumption_not_actual
12,800,5000,1000,16,6,100,planning_assumption_not_actual
