path,category,status,action,bytes,authority,note
01-foundations/app-marketing-gtm-methodology.md,C_evidence_models_reference,reference_not_validated_product,retain_unique_evidence,7720,05-system/strategy-master-summary.md,classification_not_line_by_line_revalidation
01-foundations/github-free-tier-playbook.md,C_evidence_models_reference,reference_not_validated_product,retain_unique_evidence,4615,05-system/strategy-master-summary.md,classification_not_line_by_line_revalidation
01-foundations/iot-gtm-methodology.md,C_evidence_models_reference,reference_not_validated_product,retain_unique_evidence,7012,05-system/strategy-master-summary.md,classification_not_line_by_line_revalidation
01-foundations/market-research-methodology.md,C_evidence_models_reference,reference_not_validated_product,retain_unique_evidence,7300,05-system/strategy-master-summary.md,classification_not_line_by_line_revalidation
02-research/ai-builder-tools-landscape.md,C_evidence_models_reference,reference_not_validated_product,retain_unique_evidence,11666,05-system/strategy-master-summary.md,classification_not_line_by_line_revalidation
02-research/brand-domain-checks.csv,C_evidence_models_reference,reference_not_validated_product,retain_unique_evidence,1977,05-system/strategy-master-summary.md,classification_not_line_by_line_revalidation
02-research/brand-selection-screening.md,C_evidence_models_reference,reference_not_validated_product,retain_unique_evidence,5338,05-system/strategy-master-summary.md,classification_not_line_by_line_revalidation
02-research/cross-repo-icp-source-audit.md,B_hardware_reference,reference_not_current_software_pipeline,retain_source_boundaries,9466,05-system/strategy-master-summary.md,classification_not_line_by_line_revalidation
02-research/cross-repo-icp-source-register.csv,B_hardware_reference,reference_not_current_software_pipeline,retain_source_boundaries,3703,05-system/strategy-master-summary.md,classification_not_line_by_line_revalidation
02-research/ecosystem-access-feasibility.md,C_evidence_models_reference,reference_not_validated_product,retain_unique_evidence,5253,05-system/strategy-master-summary.md,classification_not_line_by_line_revalidation
02-research/existing-icp-delta-review.md,B_hardware_reference,reference_not_current_software_pipeline,retain_source_boundaries,11415,05-system/strategy-master-summary.md,classification_not_line_by_line_revalidation
02-research/icp-complaint-evidence.csv,C_evidence_models_reference,reference_not_validated_product,retain_unique_evidence,4591,05-system/strategy-master-summary.md,classification_not_line_by_line_revalidation
02-research/jtbd-interview-guide.md,C_evidence_models_reference,reference_not_validated_product,retain_unique_evidence,6032,05-system/strategy-master-summary.md,classification_not_line_by_line_revalidation
02-research/lock-type-landscape-scope.md,B_hardware_reference,reference_not_current_software_pipeline,retain_source_boundaries,6108,05-system/strategy-master-summary.md,classification_not_line_by_line_revalidation
02-research/no-hardware-feature-research.md,B_hardware_reference,reference_not_current_software_pipeline,retain_source_boundaries,6492,05-system/strategy-master-summary.md,classification_not_line_by_line_revalidation
02-research/review-mining-pain-clusters.md,C_evidence_models_reference,reference_not_validated_product,retain_unique_evidence,6658,05-system/strategy-master-summary.md,classification_not_line_by_line_revalidation
02-research/seam-evidence-register.csv,B_hardware_reference,reference_not_current_software_pipeline,retain_source_boundaries,1884,05-system/strategy-master-summary.md,classification_not_line_by_line_revalidation
02-research/seo-aso-keyword-matrix.md,C_evidence_models_reference,reference_not_validated_product,retain_unique_evidence,6225,05-system/strategy-master-summary.md,classification_not_line_by_line_revalidation
02-research/software-partner-first-wave.md,B_hardware_reference,reference_not_current_software_pipeline,retain_source_boundaries,10395,05-system/strategy-master-summary.md,classification_not_line_by_line_revalidation
02-research/ttlock-diagnostics-api-evidence.md,B_hardware_reference,reference_not_current_software_pipeline,retain_source_boundaries,7205,05-system/strategy-master-summary.md,classification_not_line_by_line_revalidation
03-design/ai-builder-access-starter-pack.md,C_evidence_models_reference,reference_not_validated_product,retain_unique_evidence,7345,05-system/strategy-master-summary.md,classification_not_line_by_line_revalidation
03-design/feature-tier-design.md,C_evidence_models_reference,reference_not_validated_product,retain_unique_evidence,6782,05-system/strategy-master-summary.md,classification_not_line_by_line_revalidation
03-design/free-app-commercial-operations-plan.md,A_current_software,current_plan_not_executed,maintain_in_place,9348,current_entry,product_scope_only_not_implemented
03-design/retrofit-diagnostics-requirements.md,B_hardware_reference,reference_not_current_software_pipeline,retain_source_boundaries,9608,05-system/strategy-master-summary.md,classification_not_line_by_line_revalidation
03-design/software-partner-hardware-program.md,B_hardware_reference,reference_not_current_software_pipeline,retain_source_boundaries,10787,05-system/strategy-master-summary.md,classification_not_line_by_line_revalidation
03-design/troublemaker-discovery-pilot-brief.md,B_hardware_reference,reference_not_current_software_pipeline,retain_source_boundaries,8715,05-system/strategy-master-summary.md,classification_not_line_by_line_revalidation
03-design/ttlock-partnership-proposal.md,B_hardware_reference,reference_not_current_software_pipeline,retain_source_boundaries,9896,05-system/strategy-master-summary.md,classification_not_line_by_line_revalidation
03-design/ttlock-retrofit-partnership-addendum.md,B_hardware_reference,reference_not_current_software_pipeline,retain_source_boundaries,7874,05-system/strategy-master-summary.md,classification_not_line_by_line_revalidation
04-case-studies/ai-hardware-startup-partner-map.md,B_hardware_reference,reference_not_current_software_pipeline,retain_source_boundaries,9059,05-system/strategy-master-summary.md,classification_not_line_by_line_revalidation
04-case-studies/anker-vs-cloudflare-showdown.md,C_evidence_models_reference,reference_not_validated_product,retain_unique_evidence,10238,05-system/strategy-master-summary.md,classification_not_line_by_line_revalidation
04-case-studies/cash-flow-profit-bridge.md,C_evidence_models_reference,reference_not_validated_product,retain_unique_evidence,5401,05-system/strategy-master-summary.md,classification_not_line_by_line_revalidation
04-case-studies/cloudflare-gatekeeper-benchmark.md,C_evidence_models_reference,reference_not_validated_product,retain_unique_evidence,8078,05-system/strategy-master-summary.md,classification_not_line_by_line_revalidation
04-case-studies/competitor-360-adjacent-categories.md,C_evidence_models_reference,reference_not_validated_product,retain_unique_evidence,7868,05-system/strategy-master-summary.md,classification_not_line_by_line_revalidation
04-case-studies/competitor-360-analysis.md,C_evidence_models_reference,reference_not_validated_product,retain_unique_evidence,21776,05-system/strategy-master-summary.md,classification_not_line_by_line_revalidation
04-case-studies/fast-growth-builder-lessons.md,C_evidence_models_reference,reference_not_validated_product,retain_unique_evidence,8176,05-system/strategy-master-summary.md,classification_not_line_by_line_revalidation
04-case-studies/monetization-case-studies.md,C_evidence_models_reference,reference_not_validated_product,retain_unique_evidence,10302,05-system/strategy-master-summary.md,classification_not_line_by_line_revalidation
04-case-studies/property-operations-platform-benchmarks.md,C_evidence_models_reference,reference_not_validated_product,retain_unique_evidence,13356,05-system/strategy-master-summary.md,classification_not_line_by_line_revalidation
04-case-studies/retrofit-b2b-growth-routes.md,B_hardware_reference,reference_not_current_software_pipeline,retain_source_boundaries,11070,05-system/strategy-master-summary.md,classification_not_line_by_line_revalidation
04-case-studies/retrofit-competitor-360.md,B_hardware_reference,reference_not_current_software_pipeline,retain_source_boundaries,10719,05-system/strategy-master-summary.md,classification_not_line_by_line_revalidation
04-case-studies/seam-360-analysis.md,B_hardware_reference,reference_not_current_software_pipeline,retain_source_boundaries,16999,05-system/strategy-master-summary.md,classification_not_line_by_line_revalidation
04-case-studies/software-hardware-evidence-review.md,B_hardware_reference,reference_not_current_software_pipeline,retain_source_boundaries,9763,05-system/strategy-master-summary.md,classification_not_line_by_line_revalidation
05-system/ai-builder-hardware-opportunity-plan.md,B_hardware_reference,reference_not_current_software_pipeline,retain_source_boundaries,12607,05-system/strategy-master-summary.md,classification_not_line_by_line_revalidation
05-system/ai-builder-synthetic-cases.csv,C_evidence_models_reference,reference_not_validated_product,retain_unique_evidence,2317,05-system/strategy-master-summary.md,classification_not_line_by_line_revalidation
05-system/existing-icp-intake-template.csv,B_hardware_reference,reference_not_current_software_pipeline,retain_source_boundaries,192,05-system/strategy-master-summary.md,classification_not_line_by_line_revalidation
05-system/first-order-contact-pack.md,B_hardware_reference,reference_not_current_software_pipeline,retain_source_boundaries,8144,05-system/strategy-master-summary.md,classification_not_line_by_line_revalidation
05-system/first-order-intake-status.csv,B_hardware_reference,reference_not_current_software_pipeline,retain_source_boundaries,866,05-system/strategy-master-summary.md,classification_not_line_by_line_revalidation
05-system/free-software-growth-plan.md,A_current_software,current_plan_not_executed,maintain_in_place,26125,current_entry,classification_not_line_by_line_revalidation
05-system/free-software-prospect-register.csv,A_current_software,current_plan_not_executed,maintain_in_place,12137,current_entry,classification_not_line_by_line_revalidation
05-system/hardware-sku-readiness.csv,B_hardware_reference,reference_not_current_software_pipeline,retain_source_boundaries,1494,05-system/strategy-master-summary.md,classification_not_line_by_line_revalidation
05-system/hardware-strategy-reference.md,B_hardware_reference,reference_not_current_software_pipeline,retain_source_boundaries,18629,05-system/strategy-master-summary.md,classification_not_line_by_line_revalidation
05-system/locker-pilot-tests.csv,B_hardware_reference,reference_not_current_software_pipeline,retain_source_boundaries,539,05-system/strategy-master-summary.md,classification_not_line_by_line_revalidation
05-system/next-order-decision-register.csv,B_hardware_reference,reference_not_current_software_pipeline,retain_source_boundaries,2339,05-system/strategy-master-summary.md,classification_not_line_by_line_revalidation
05-system/next-order-validation-plan.md,B_hardware_reference,reference_not_current_software_pipeline,retain_source_boundaries,9617,05-system/strategy-master-summary.md,classification_not_line_by_line_revalidation
05-system/partner-order-economics-guide.md,B_hardware_reference,reference_not_current_software_pipeline,retain_source_boundaries,7041,05-system/strategy-master-summary.md,classification_not_line_by_line_revalidation
05-system/partner-order-economics-inputs.csv,B_hardware_reference,reference_not_current_software_pipeline,retain_source_boundaries,899,05-system/strategy-master-summary.md,classification_not_line_by_line_revalidation
05-system/partner-order-economics-results.csv,B_hardware_reference,reference_not_current_software_pipeline,retain_source_boundaries,959,05-system/strategy-master-summary.md,classification_not_line_by_line_revalidation
05-system/partner-order-economics.py,B_hardware_reference,reference_not_current_software_pipeline,retain_source_boundaries,5529,05-system/strategy-master-summary.md,classification_not_line_by_line_revalidation
05-system/prepaid-export-cash-cost_up20.csv,B_hardware_reference,reference_not_current_software_pipeline,retain_source_boundaries,1693,05-system/strategy-master-summary.md,classification_not_line_by_line_revalidation
05-system/prepaid-export-cash-deposit30.csv,B_hardware_reference,reference_not_current_software_pipeline,retain_source_boundaries,1681,05-system/strategy-master-summary.md,classification_not_line_by_line_revalidation
05-system/prepaid-export-cash-deposit50.csv,B_hardware_reference,reference_not_current_software_pipeline,retain_source_boundaries,1682,05-system/strategy-master-summary.md,classification_not_line_by_line_revalidation
05-system/prepaid-export-cash-volume12000.csv,B_hardware_reference,reference_not_current_software_pipeline,retain_source_boundaries,1662,05-system/strategy-master-summary.md,classification_not_line_by_line_revalidation
05-system/prepaid-export-channel-plan.md,B_hardware_reference,reference_not_current_software_pipeline,retain_source_boundaries,14824,05-system/strategy-master-summary.md,classification_not_line_by_line_revalidation
05-system/prepaid-export-model.py,B_hardware_reference,reference_not_current_software_pipeline,retain_source_boundaries,3623,05-system/strategy-master-summary.md,classification_not_line_by_line_revalidation
05-system/prepaid-export-scenarios.csv,B_hardware_reference,reference_not_current_software_pipeline,retain_source_boundaries,424,05-system/strategy-master-summary.md,classification_not_line_by_line_revalidation
05-system/revenue-scale-hardware-only.csv,B_hardware_reference,reference_not_current_software_pipeline,retain_source_boundaries,192,05-system/strategy-master-summary.md,classification_not_line_by_line_revalidation
05-system/revenue-scale-model.py,C_evidence_models_reference,reference_not_validated_product,retain_unique_evidence,3254,05-system/strategy-master-summary.md,classification_not_line_by_line_revalidation
05-system/revenue-scale-scenarios.csv,C_evidence_models_reference,reference_not_validated_product,retain_unique_evidence,1069,05-system/strategy-master-summary.md,classification_not_line_by_line_revalidation
05-system/revenue-scale-strategy.md,C_evidence_models_reference,reference_not_validated_product,retain_unique_evidence,13064,05-system/strategy-master-summary.md,classification_not_line_by_line_revalidation
05-system/seam-hypothetical-breakeven.csv,B_hardware_reference,reference_not_current_software_pipeline,retain_source_boundaries,490,05-system/strategy-master-summary.md,classification_not_line_by_line_revalidation
05-system/seam-partner-validation-kit.md,B_hardware_reference,reference_not_current_software_pipeline,retain_source_boundaries,9082,05-system/strategy-master-summary.md,classification_not_line_by_line_revalidation
05-system/seam-route-economics-guide.md,B_hardware_reference,reference_not_current_software_pipeline,retain_source_boundaries,6708,05-system/strategy-master-summary.md,classification_not_line_by_line_revalidation
05-system/seam-route-economics.py,B_hardware_reference,reference_not_current_software_pipeline,retain_source_boundaries,3761,05-system/strategy-master-summary.md,classification_not_line_by_line_revalidation
05-system/seam-route-margins.csv,B_hardware_reference,reference_not_current_software_pipeline,retain_source_boundaries,487,05-system/strategy-master-summary.md,classification_not_line_by_line_revalidation
05-system/seam-route-tco.csv,B_hardware_reference,reference_not_current_software_pipeline,retain_source_boundaries,942,05-system/strategy-master-summary.md,classification_not_line_by_line_revalidation
05-system/seam-validation-tests.csv,B_hardware_reference,reference_not_current_software_pipeline,retain_source_boundaries,549,05-system/strategy-master-summary.md,classification_not_line_by_line_revalidation
05-system/session-working-rules.md,A_current_software,current_plan_not_executed,maintain_in_place,2834,current_entry,classification_not_line_by_line_revalidation
05-system/software-partner-pilot-tests.csv,B_hardware_reference,reference_not_current_software_pipeline,retain_source_boundaries,2676,05-system/strategy-master-summary.md,classification_not_line_by_line_revalidation
05-system/software-partner-qualification.csv,B_hardware_reference,reference_not_current_software_pipeline,retain_source_boundaries,1912,05-system/strategy-master-summary.md,classification_not_line_by_line_revalidation
05-system/software-partner-validation-kit.md,B_hardware_reference,reference_not_current_software_pipeline,retain_source_boundaries,10575,05-system/strategy-master-summary.md,classification_not_line_by_line_revalidation
05-system/strategy-master-summary.md,A_current_software,current_plan_not_executed,maintain_in_place,17898,current_entry,classification_not_line_by_line_revalidation
05-system/troublemaker-locker-storage-strategy.md,B_hardware_reference,reference_not_current_software_pipeline,retain_source_boundaries,14442,05-system/strategy-master-summary.md,classification_not_line_by_line_revalidation
90-archive/README.md,D_archive_container,historical_do_not_execute,retain_recoverable_archive,6323,05-system/strategy-master-summary.md,26 original files; member hashes in archive manifest
90-archive/retired-materials.zip,D_archive_container,historical_do_not_execute,retain_recoverable_archive,112714,05-system/strategy-master-summary.md,26 original files; member hashes in archive manifest
README.md,A_current_software,current_plan_not_executed,maintain_in_place,2727,current_entry,classification_not_line_by_line_revalidation
deliverables-index.md,A_current_software,current_plan_not_executed,maintain_in_place,4352,current_entry,classification_not_line_by_line_revalidation
file-register.csv,A_current_software,current_plan_not_executed,maintain_in_place,,current_entry,self_size_omitted
